content_id,title,genre,runtime_min,release_date
C1000,Starlight 87,Action,59,2021-11-07
C1001,Undercurrent 16,Comedy,97,2021-05-25
C1002,Hinterland 76,Action,63,2020-04-17
C1003,Starlight 63,Drama,74,2021-04-25
C1004,Aftermath 65,Action,90,2018-07-31
C1005,Parallax 1,Thriller,99,2022-11-14
C1006,Nimbus 97,Comedy,72,2023-02-25
C1007,Nightfall 76,Documentary,40,2021-03-13
C1008,Hinterland 36,Thriller,48,2021-07-24
C1009,Rift 16,Animation,53,2022-01-02
C1010,Undercurrent 80,Thriller,61,2024-04-22
C1011,Harbinger 22,Drama,48,2018-02-14
C1012,Waypoint 85,thriller,36,2022-09-05
C1013,Runway 64,action,46,2018-10-15
C1014,Nomad 13,Documentary,50,2018-05-19
C1015,Runway 46,Thriller,32,2023-03-26
C1016,Nimbus 76,Action,30,2018-04-21
C1017,Nomad 95,Comedy,34,2024-10-16
C1018,Nightfall 77,Drama,54,2020-02-23
C1019,Parallax 41,Romance,63,2020-12-13
C1020,Catalyst 61,Action,83,2020-11-23
C1021,Starlight 41,Drama,66,2022-09-04
C1022,Undercurrent 17,Romance,95,2024-04-03
C1023,Starlight 72,Thriller,36,2020-06-20
C1024,Rift 54,Comedy,44,2018-03-25
C1025,Snowfall 12,Animation,59,2024-09-13
C1026,Crosswind 9,Action,79,2020-10-22
C1027,Harbinger 50,Thriller,72,2024-04-14
C1028,Rift 79,Drama,52,2018-08-16
C1029,Aftermath 43,Action,42,2019-02-27
C1030,Undercurrent 27,Animation,60,2019-09-17
C1031,Starlight 83,Action,94,2023-02-01
C1032,Nomad 74,Drama,61,2022-04-01
C1033,Rift 56,Drama,89,2024-03-01
C1034,Waypoint 43,Thriller,44,2023-05-29
C1035,Echoes 20,Comedy,36,2018-08-22
C1036,Runway 49,Documentary,32,2020-06-06
C1037,Parallax 41,Romance,70,2019-02-04
C1038,Harbinger 89,Comedy,32,2018-08-07
C1039,Starlight 8,Comedy,79,2024-12-22
C1040,Nimbus 73,Comedy,56,2018-12-06
C1041,Snowfall 36,Drama,67,2023-06-12
C1042,Harbinger 50,Animation,41,2020-02-22
C1043,Undercurrent 56,,67,2020-09-19
C1044,Nomad 31,Drama,10,2020-11-29
C1045,Undercurrent 32,Animation,85,2020-02-26
C1046,Catalyst 4,Romance,67,2019-12-03
C1047,Echoes 80,Comedy,74,2019-01-27
C1048,Parallax 80,Animation,59,2024-01-06
C1049,Parallax 19,Action,91,2023-11-18
C1050,Crosswind 31,Documentary,55,2024-05-16
C1051,Blackout 8,Thriller,58,2023-07-09
C1052,Echoes 50,Thriller,65,2019-01-31
C1053,Echoes 75,Drama,85,2020-04-21
C1054,Undercurrent 89,Thriller,73,2022-08-14
C1055,Snowfall 31,Romance,70,2024-07-30
C1056,Nightfall 22,Animation,81,2024-01-22
C1057,Hinterland 12,Drama,82,2018-10-13
C1058,Hinterland 81,Animation,81,2018-06-01
C1059,Crosswind 61,Action,50,2023-10-19
C1060,Hinterland 8,Drama,77,2021-10-04
C1061,Solace 39,Thriller,29,2021-08-13
C1062,Harbinger 24,Comedy,79,2018-04-19
C1063,Waypoint 75,Documentary,78,2018-10-15
C1064,Blackout 35,Romance,56,2021-03-08
C1065,Harbinger 23,Thriller,84,2023-03-24
C1066,Starlight 2,Thriller,40,2024-04-18
C1067,Catalyst 20,Documentary,66,2022-01-25
C1068,Runway 15,Comedy,106,2023-12-05
C1069,Solace 69,Documentary,76,2020-07-23
C1070,Aftermath 5,Animation,73,2018-09-16
C1071,Overtime 93,Romance,82,2024-09-01
C1072,Runway 82,Documentary,81,2022-01-04
C1073,Nomad 62,Action,50,2019-03-30
C1074,Crosswind 75,Documentary,61,2024-02-17
C1075,Undercurrent 86,Comedy,58,2020-07-29
C1076,Nimbus 61,Thriller,54,2020-08-15
C1077,Runway 27,Comedy,37,2020-08-04
C1078,Parallax 37,Action,52,2018-06-04
C1079,Nightfall 15,Comedy,69,2021-10-20
C1080,Nomad 46,,48,2018-03-25
C1081,Blackout 57,Drama,30,2023-09-23
C1082,Nightfall 6,Drama,60,2019-04-20
C1083,Nimbus 28,Romance,34,2021-11-01
C1084,Waypoint 61,Documentary,81,2024-04-09
C1085,Parallax 94,Documentary,82,2023-09-15
C1086,Blackout 51,Drama,61,2019-01-29
C1087,Snowfall 91,Romance,89,2018-04-16
C1088,Catalyst 21,Comedy,27,2021-05-02
C1089,Nimbus 67,Comedy,42,2019-06-26
C1090,Rift 63,Action,57,2019-12-05
C1091,Nimbus 51,Drama,88,2024-05-14
C1092,Undercurrent 95,Drama,83,2024-02-27
C1093,Aftermath 9,Action,71,2021-09-11
C1094,Overtime 32,Drama,73,2018-07-27
C1095,Nightfall 59,Comedy,48,2021-06-08
C1096,Nimbus 93,Documentary,58,2018-07-31
C1097,Nomad 73,Animation,33,2018-03-08
C1098,Parallax 4,Comedy,59,2019-07-01
C1099,Hinterland 4,Animation,47,2024-10-10
C1100,Undercurrent 83,Thriller,66,2023-09-20
C1101,Waypoint 28,Romance,99,2019-10-25
C1102,Nightfall 8,Drama,115,2019-08-19
C1103,Harbinger 38,Thriller,61,2021-10-14
C1104,Hinterland 88,Animation,66,2024-01-21
C1105,Rift 74,Comedy,83,2022-05-21
C1106,Harbinger 97,Action,77,2023-10-13
C1107,Starlight 72,Drama,33,2019-10-23
C1108,Rift 67,Action,54,2024-09-18
C1109,Nomad 19,Animation,70,2023-01-21
C1110,Echoes 44,Documentary,55,2022-08-24
C1111,Crosswind 95,Romance,56,2019-03-31
C1112,Echoes 94,,43,2018-08-30
C1113,Overtime 1,Romance,47,2022-06-14
C1114,Blackout 18,Animation,73,2020-12-30
C1115,Catalyst 18,Action,72,2021-01-11
C1116,Waypoint 6,Comedy,79,2023-03-28
C1117,Nightfall 26,Romance,59,2021-10-12
C1118,Runway 5,Thriller,75,2020-07-14
C1119,Solace 54,Action,10,2022-07-11
C1120,Runway 45,Action,74,2021-06-21
C1121,Overtime 85,Documentary,63,2024-03-09
C1122,Overtime 7,Drama,49,2024-11-30
C1123,Nightfall 29,Romance,83,2019-11-24
C1124,Hinterland 16,,26,2019-12-16
C1125,Echoes 46,Comedy,16,2024-07-09
C1126,Solace 36,Romance,47,2024-12-03
C1127,Crosswind 62,Documentary,63,2019-09-09
C1128,Snowfall 18,Romance,48,2018-03-12
C1129,Nimbus 46,Drama,101,2024-01-15
C1130,Nimbus 3,Thriller,56,2019-12-13
C1131,Parallax 30,Comedy,43,2022-02-22
C1132,Parallax 44,Animation,74,2024-03-11
C1133,Waypoint 51,Action,80,2023-09-04
C1134,Overtime 88,Drama,87,2023-11-30
C1135,Aftermath 54,Thriller,66,2019-11-20
C1136,Blackout 86,Romance,68,2021-11-10
C1137,Snowfall 59,Comedy,64,2023-12-16
C1138,Echoes 83,Thriller,61,2018-12-02
C1139,Waypoint 28,Action,85,2021-08-07
C1140,Undercurrent 6,Comedy,48,2021-06-16
C1141,Echoes 63,Animation,58,2020-11-26
C1142,Overtime 92,Documentary,76,2024-02-10
C1143,Solace 13,Romance,38,2020-03-04
C1144,Nomad 9,Comedy,74,2022-03-16
C1145,Blackout 82,Thriller,47,2020-10-09
C1146,Nimbus 58,Action,76,2019-10-09
C1147,Snowfall 45,Action,59,2020-12-28
C1148,Crosswind 93,Animation,53,2018-03-18
C1149,Crosswind 34,Thriller,70,2018-12-27
C1150,Overtime 94,Romance,88,2024-11-10
C1151,Hinterland 47,Animation,92,2024-03-10
C1152,Aftermath 45,Documentary,77,2023-10-31
C1153,Rift 96,Drama,39,2021-02-27
C1154,Undercurrent 39,Romance,65,2023-04-30
C1155,Aftermath 37,Action,41,2019-03-23
C1156,Nightfall 90,Thriller,79,2020-05-21
C1157,Crosswind 96,Action,59,2023-12-12
C1158,Nimbus 92,Documentary,58,2021-12-16
C1159,Blackout 85,Documentary,71,2023-08-25
C1160,Nightfall 13,Drama,69,2021-08-24
C1161,Nightfall 58,Thriller,86,2022-09-06
C1162,Hinterland 18,Romance,75,2023-10-10
C1163,Snowfall 52,Drama,90,2018-04-03
C1164,Starlight 40,Comedy,84,2023-06-28
C1165,Aftermath 93,Animation,58,2023-03-19
C1166,Nightfall 4,Comedy,73,2021-12-05
C1167,Harbinger 55,Drama,69,2022-10-23
C1168,Parallax 19,Action,75,2021-07-13
C1169,Nomad 70,Documentary,57,2023-01-25
C1170,Blackout 86,Animation,90,2019-06-21
C1171,Nomad 67,Romance,53,2023-05-14
C1172,Echoes 42,Documentary,47,2020-06-08
C1173,Crosswind 18,Documentary,75,2024-08-09
C1174,Starlight 95,Animation,62,2019-04-13
C1175,Rift 85,Animation,53,2019-07-10
C1176,Catalyst 63,,76,2018-07-22
C1177,Nightfall 85,Animation,87,2024-12-29
C1178,Waypoint 88,documentary,68,2019-04-10
C1179,Overtime 26,Romance,44,2020-12-21
C1180,Nightfall 9,Documentary,88,2023-07-18
C1181,Blackout 29,Thriller,34,2023-07-10
C1182,Snowfall 9,Romance,59,2022-02-14
C1183,Aftermath 77,Animation,78,2023-05-26
C1184,Harbinger 84,Thriller,73,2019-05-31
C1185,Aftermath 6,Documentary,68,2019-09-07
C1186,Waypoint 79,Action,70,2023-02-25
C1187,Nightfall 20,Comedy,89,2021-06-22
C1188,Nomad 66,Documentary,71,2020-08-25
C1189,Solace 43,romance,57,2023-01-16
C1190,Rift 50,Romance,70,2020-03-19
C1191,Waypoint 23,Thriller,48,2018-07-29
C1192,Echoes 63,Comedy,30,2021-03-14
C1193,Harbinger 3,Drama,68,2018-02-23
C1194,Blackout 18,Drama,73,2020-12-10
C1195,Snowfall 13,Action,61,2018-07-17
C1196,Catalyst 13,Animation,55,2021-11-27
C1197,Overtime 9,Action,60,2021-04-20
C1198,Hinterland 72,Animation,85,2022-08-08
C1199,Blackout 35,,34,2018-09-02
C1200,Echoes 86,Romance,46,2018-08-10
C1201,Parallax 67,Documentary,32,2019-08-03
C1202,Crosswind 36,Animation,43,2021-02-25
C1203,Crosswind 40,Comedy,72,2019-07-18
C1204,Blackout 66,Documentary,56,2019-06-26
C1205,Harbinger 35,Animation,65,2019-10-20
C1206,Overtime 42,Animation,105,2019-10-21
C1207,Snowfall 42,Thriller,63,2018-11-10
C1208,Aftermath 25,Drama,85,2024-10-18
C1209,Aftermath 41,Comedy,93,2024-07-14
C1210,Blackout 55,Comedy,27,2018-06-30
C1211,Blackout 26,Thriller,67,2024-10-13
C1212,Hinterland 46,Thriller,95,2022-05-08
C1213,Blackout 66,Thriller,82,2023-07-12
C1214,Snowfall 32,Thriller,55,2023-07-18
C1215,Solace 49,Thriller,59,2020-04-06
C1216,Nightfall 11,Animation,68,2021-07-11
C1217,Blackout 49,Animation,54,2021-07-19
C1218,Overtime 94,Comedy,88,2018-01-20
C1219,Undercurrent 11,Action,61,2023-09-29
C1220,Overtime 66,Romance,72,2021-04-16
C1221,Blackout 58,Drama,75,2021-01-10
C1222,Catalyst 33,Drama,69,2023-11-15
C1223,Nightfall 59,Comedy,86,2021-05-19
C1009,Rift 16,Animation,53,2022-01-02
C1084,Waypoint 61,Documentary,81,2024-04-09
C1117,Nightfall 26,Romance,59,2021-10-12
C1144,Nomad 9,Comedy,74,2022-03-16
